"filename", "language", "JSON with Comments", "PyProject TOML", "Python", "Markdown", "UV Lock", "comment", "blank", "total"
"/Users/justiy/Documents/code/Project/APIX/MEMORY/memory_module/README.md", "Markdown", 0, 0, 0, 51, 0, 0, 15, 66
"/Users/justiy/Documents/code/Project/APIX/MEMORY/memory_module/core/__init__.py", "Python", 0, 0, 0, 0, 0, 0, 1, 1
"/Users/justiy/Documents/code/Project/APIX/MEMORY/memory_module/core/commons/__init__.py", "Python", 0, 0, 0, 0, 0, 0, 1, 1
"/Users/justiy/Documents/code/Project/APIX/MEMORY/memory_module/core/commons/decorator.py", "Python", 0, 0, 5, 0, 0, 5, 4, 14
"/Users/justiy/Documents/code/Project/APIX/MEMORY/memory_module/core/commons/id_generator.py", "Python", 0, 0, 4, 0, 0, 0, 2, 6
"/Users/justiy/Documents/code/Project/APIX/MEMORY/memory_module/core/commons/logger.py", "Python", 0, 0, 86, 0, 0, 39, 32, 157
"/Users/justiy/Documents/code/Project/APIX/MEMORY/memory_module/core/commons/type_def.py", "Python", 0, 0, 22, 0, 0, 1, 9, 32
"/Users/justiy/Documents/code/Project/APIX/MEMORY/memory_module/core/commons/yuki/__init__.py", "Python", 0, 0, 0, 0, 0, 1, 0, 1
"/Users/justiy/Documents/code/Project/APIX/MEMORY/memory_module/core/commons/yuki/generator.py", "Python", 0, 0, 13, 0, 0, 14, 12, 39
"/Users/justiy/Documents/code/Project/APIX/MEMORY/memory_module/core/commons/yuki/idregister.py", "Python", 0, 0, 84, 0, 0, 27, 24, 135
"/Users/justiy/Documents/code/Project/APIX/MEMORY/memory_module/core/commons/yuki/options.py", "Python", 0, 0, 10, 0, 0, 21, 13, 44
"/Users/justiy/Documents/code/Project/APIX/MEMORY/memory_module/core/commons/yuki/snowflake.py", "Python", 0, 0, 5, 0, 0, 8, 8, 21
"/Users/justiy/Documents/code/Project/APIX/MEMORY/memory_module/core/commons/yuki/snowflake_m1.py", "Python", 0, 0, 100, 0, 0, 20, 28, 148
"/Users/justiy/Documents/code/Project/APIX/MEMORY/memory_module/core/domain/data_server_manager.py", "Python", 0, 0, 85, 0, 0, 130, 31, 246
"/Users/justiy/Documents/code/Project/APIX/MEMORY/memory_module/core/domain/execute_layer.py", "Python", 0, 0, 778, 0, 0, 236, 171, 1185
"/Users/justiy/Documents/code/Project/APIX/MEMORY/memory_module/core/domain/helper/__init__.py", "Python", 0, 0, 0, 0, 0, 0, 1, 1
"/Users/justiy/Documents/code/Project/APIX/MEMORY/memory_module/core/domain/helper/longterm_memory_helper.py", "Python", 0, 0, 77, 0, 0, 80, 31, 188
"/Users/justiy/Documents/code/Project/APIX/MEMORY/memory_module/core/domain/helper/message_node_helper.py", "Python", 0, 0, 130, 0, 0, 4, 52, 186
"/Users/justiy/Documents/code/Project/APIX/MEMORY/memory_module/core/domain/init_server.py", "Python", 0, 0, 24, 0, 0, 0, 2, 26
"/Users/justiy/Documents/code/Project/APIX/MEMORY/memory_module/core/domain/mysql_server.py", "Python", 0, 0, 836, 0, 0, 586, 105, 1527
"/Users/justiy/Documents/code/Project/APIX/MEMORY/memory_module/core/domain/redis_server.py", "Python", 0, 0, 488, 0, 0, 329, 127, 944
"/Users/justiy/Documents/code/Project/APIX/MEMORY/memory_module/core/notification/notice.py", "Python", 0, 0, 183, 0, 0, 61, 38, 282
"/Users/justiy/Documents/code/Project/APIX/MEMORY/memory_module/core/websocket/websocket_manager.py", "Python", 0, 0, 104, 0, 0, 36, 54, 194
"/Users/justiy/Documents/code/Project/APIX/MEMORY/memory_module/global_config.py", "Python", 0, 0, 14, 0, 0, 0, 4, 18
"/Users/justiy/Documents/code/Project/APIX/MEMORY/memory_module/main.py", "Python", 0, 0, 33, 0, 0, 0, 13, 46
"/Users/justiy/Documents/code/Project/APIX/MEMORY/memory_module/memory_module.code-workspace", "JSON with Comments", 8, 0, 0, 0, 0, 0, 2, 10
"/Users/justiy/Documents/code/Project/APIX/MEMORY/memory_module/public.py", "Python", 0, 0, 2, 0, 0, 0, 1, 3
"/Users/justiy/Documents/code/Project/APIX/MEMORY/memory_module/pyproject.toml", "PyProject TOML", 0, 17, 0, 0, 0, 0, 1, 18
"/Users/justiy/Documents/code/Project/APIX/MEMORY/memory_module/routers/__init__.py", "Python", 0, 0, 0, 0, 0, 0, 1, 1
"/Users/justiy/Documents/code/Project/APIX/MEMORY/memory_module/routers/memory_record.py", "Python", 0, 0, 120, 0, 0, 225, 29, 374
"/Users/justiy/Documents/code/Project/APIX/MEMORY/memory_module/routers/tasks_record.py", "Python", 0, 0, 67, 0, 0, 105, 18, 190
"/Users/justiy/Documents/code/Project/APIX/MEMORY/memory_module/routers/user_record.py", "Python", 0, 0, 183, 0, 0, 245, 57, 485
"/Users/justiy/Documents/code/Project/APIX/MEMORY/memory_module/routers/websocket.py", "Python", 0, 0, 20, 0, 0, 2, 6, 28
"/Users/justiy/Documents/code/Project/APIX/MEMORY/memory_module/uv.lock", "UV Lock", 0, 0, 0, 0, 596, 0, 33, 629
"Total", "-", 8, 17, 3473, 51, 596, 2175, 926, 7246